-- Заповнення таблиці Person
INSERT INTO Person (fname, name, sname, when_born, sex) VALUES
('Іван', 'Петрович', 'Коваленко', '2005-03-15', 1),
('Олена', 'Василівна', 'Сидоренко', '2004-07-22', 0),
('Михайло', 'Ігорович', 'Павленко', '2006-01-10', 1),
('Анастасія', 'Олександрівна', 'Мельник', '2005-11-30', 0),
('Дмитро', 'Сергійович', 'Шевченко', '2004-09-05', 1),
('Софія', 'Андріївна', 'Коваль', '2005-06-18', 0),
('Артем', 'Вікторович', 'Бондаренко', '2006-02-25', 1),
('Вікторія', 'Михайлівна', 'Ткаченко', '2004-12-12', 0),
('Олександр', 'Дмитрович', 'Кравченко', '2005-08-20', 1),
('Марія', 'Іванівна', 'Олійник', '2004-04-14', 0),
('Андрій', 'Олегович', 'Грищенко', '2005-10-08', 1),
('Катерина', 'Володимирівна', 'Лисенко', '2006-03-03', 0),
('Сергій', 'Анатолійович', 'Шаповал', '2004-05-25', 1),
('Наталія', 'Петрівна', 'Романенко', '2005-07-19', 0),
('Павло', 'Валентинович', 'Кузьменко', '2006-09-09', 1);

-- Заповнення таблиці Class_Flow
INSERT INTO Class_Flow (year) VALUES
(2023),
(2024);

-- Заповнення таблиці Classes
INSERT INTO Classes (class_flow_id, number) VALUES
(1, '10-A'),
(1, '10-B'),
(2, '11-A'),
(2, '11-B');

-- Заповнення таблиці Students
INSERT INTO Students (person_id, class_id) VALUES
(1, 1),
(2, 1),
(3, 2),
(4, 2),
(5, 3),
(6, 3),
(7, 4),
(8, 4),
(9, 1),
(10, 2),
(11, 3),
(12, 4),
(13, 1),
(14, 2),
(15, 3);

-- Заповнення таблиці Subjects
INSERT INTO Subjects (name, description) VALUES
('Математика', 'Основи математики та алгебри'),
('Фізика', 'Основи фізики та механіки'),
('Хімія', 'Основи хімії та органічної хімії'),
('Історія', 'Історія України та світова історія'),
('Література', 'Українська та зарубіжна література'),
('Англійська мова', 'Вивчення англійської мови'),
('Біологія', 'Основи біології та генетики');

-- Заповнення таблиці Schedules
INSERT INTO Schedules (class_id, subject_id, day_of_week, start_time, end_time) VALUES
(1, 1, 'Monday', '09:00:00', '10:30:00'),
(1, 2, 'Tuesday', '10:00:00', '11:30:00'),
(2, 3, 'Wednesday', '09:00:00', '10:30:00'),
(2, 4, 'Thursday', '10:00:00', '11:30:00'),
(3, 5, 'Friday', '09:00:00', '10:30:00'),
(3, 6, 'Monday', '10:00:00', '11:30:00'),
(4, 7, 'Tuesday', '09:00:00', '10:30:00');

-- Заповнення таблиці Attendance
INSERT INTO Attendance (student_id, schedule_id, attendance_date, status) VALUES
(1, 1, '2023-10-02', 'Present'),
(2, 1, '2023-10-02', 'Present'),
(3, 2, '2023-10-03', 'Late'),
(4, 2, '2023-10-03', 'Present'),
(5, 3, '2023-10-04', 'Absent'),
(6, 3, '2023-10-04', 'Present'),
(7, 4, '2023-10-05', 'Present'),
(8, 4, '2023-10-05', 'Excused');

-- Заповнення таблиці Grades за 12-бальною системою
INSERT INTO Grades (student_id, subject_id, grade_date, grade, comment) VALUES
(1, 1, '2023-10-02', 12, 'Відмінно'),
(2, 1, '2023-10-02', 10, 'Дуже добре'),
(3, 2, '2023-10-03', 8, 'Добре'),
(4, 2, '2023-10-03', 12, 'Відмінно'),
(5, 3, '2023-10-04', 6, 'Задовільно'),
(6, 3, '2023-10-04', 10, 'Дуже добре'),
(7, 4, '2023-10-05', 12, 'Відмінно'),
(8, 4, '2023-10-05', 8, 'Добре');


-- Заповнення таблиці Departments
INSERT INTO Departments (name, description) VALUES
('Математики', 'Кафедра математики та прикладної математики'),
('Фізики', 'Кафедра фізики та астрономії'),
('Хімії', 'Кафедра хімії та біохімії'),
('Історії', 'Кафедра історії та археології'),
('Літератури', 'Кафедра української та зарубіжної літератури'),
('Іноземних мов', 'Кафедра іноземних мов'),
('Біології', 'Кафедра біології та екології');

-- Заповнення таблиці Teachers
INSERT INTO Teachers (person_id, department_id, hire_date, position) VALUES
(1, 1, '2010-09-01', 'Викладач математики'),
(2, 2, '2012-08-15', 'Викладач фізики'),
(3, 3, '2015-09-01', 'Викладач хімії'),
(4, 4, '2018-08-20', 'Викладач історії'),
(5, 5, '2019-09-01', 'Викладач літератури'),
(6, 6, '2020-08-25', 'Викладач англійської мови'),
(7, 7, '2021-09-01', 'Викладач біології');

-- Заповнення таблиці Teacher_Subjects
INSERT INTO Teacher_Subjects (teacher_id, subject_id) VALUES
(1, 1),
(2, 2),
(3, 3),
(4, 4),
(5, 5),
(6, 6),
(7, 7);

-- Заповнення таблиці Schedules_Teachers
INSERT INTO Schedules_Teachers (teacher_id, subject_id, day_of_week, start_time, end_time, room) VALUES
(1, 1, 1, '09:00:00', '10:30:00', '101'),
(2, 2, 2, '10:00:00', '11:30:00', '102'),
(3, 3, 3, '09:00:00', '10:30:00', '103'),
(4, 4, 4, '10:00:00', '11:30:00', '104'),
(5, 5, 5, '09:00:00', '10:30:00', '105'),
(6, 6, 1, '10:00:00', '11:30:00', '106'),
(7, 7, 2, '09:00:00', '10:30:00', '107');

-- Заповнення таблиці Administration
INSERT INTO Administration (admin_id, person_id, position, department, email) VALUES
(8, 8, 'Директор', 'Management', 'director@school.com'),
(9, 9, 'Заступник директора', 'Management', 'vice_director@school.com'),
(10, 10, 'Бібліотекар', 'Library', 'librarian@school.com'),
(11, 11, 'Керівник їдальні', 'Catering', 'catering_manager@school.com'),
(12, 12, 'Завідувач господарством', 'Facilities', 'facilities_manager@school.com'),
(13, 13, 'Бухгалтер', 'Finance', 'accountant@school.com');

-- Заповнення таблиці Library
INSERT INTO Library (book_title, author, librarian_id, category) VALUES
('Основи математики', 'Іван Петренко', 10, 'Математика'),
('Фізика для початківців', 'Олег Сидоренко', 10, 'Фізика'),
('Хімія в прикладах', 'Марія Коваль', 10, 'Хімія'),
('Історія України', 'Василь Іванченко', 10, 'Історія'),
('Література світу', 'Олена Мельник', 10, 'Література');

-- Заповнення таблиці Catering
INSERT INTO Catering (dish_name, catering_manager_id, cost) VALUES
('Борщ', 11, 25.50),
('Котлета по-київськи', 11, 35.00),
('Пюре з куркою', 11, 30.00),
('Салат овочевий', 11, 15.00),
('Компот', 11, 10.00);

-- Заповнення таблиці Equipment
INSERT INTO Equipment (name, responsible_staff_id) VALUES
('Проектор', 12),
('Комп’ютер', 12),
('Принтер', 12),
('Телевізор', 12),
('Мікроскоп', 12);

-- Заповнення таблиці Classrooms
INSERT INTO Classrooms (office_number, responsible_staff_id) VALUES
(101, 12),
(102, 12),
(103, 12),
(104, 12),
(105, 12);

-- Заповнення таблиці Budget
INSERT INTO Budget (department, total_budget, approved_by_id) VALUES
('Management', 1000000.00, 8),
('Library', 200000.00, 9),
('Catering', 500000.00, 11),
('Facilities', 300000.00, 12),
('Finance', 1500000.00, 13);
